sample,variant,duration_s,LUFS_I_dB,active_speech_RMS_p50_dBFS,active_speech_RMS_p90_dBFS,active_speech_RMS_p99_dBFS,active_gain_needed_to_match_clean_dB,true_peak_4x_dBTP,spectral_MAE_vs_clean_level_matched_dB
stephanie_fan18,A_current_C_no_finish,15.0,-25.571720805866715,-27.579945708918153,-20.856308849499612,-17.94556687959791,0.7932300877674219,-4.5123593344193935,1.398559287761222
stephanie_fan18,B_C_gentle_compressor_minus2dB,15.0,-27.58538273035006,-29.579945409524456,-22.856336833284114,-19.986510171716205,2.793229788373729,-7.037305828803516,1.4012360821528993
stephanie_fan18,C_softedges_gentle_compressor_minus2dB,15.0,-28.069472554394782,-30.090011419516173,-23.187768808622458,-20.239935620677123,3.303295798365438,-7.27164412708527,1.4280665454966093
stephanie_fan18,D_C_gentle_DFN6_minus2dB,15.0,-27.7143443960929,-29.509517951436504,-22.85807768035811,-19.855132095406994,2.722802330285774,-7.1502957165449486,1.3995084688687174
stephanie_fan18,D_C_gentle_DFN18_minus2dB,15.0,-27.78327094486902,-29.59273835754881,-22.921549424273962,-19.926569272945542,2.80602273639808,-7.236226527501915,1.3979827002219523
remi_crowd18,A_current_C_no_finish,15.0,-23.418106367665292,-25.824479915665588,-18.5511818846544,-14.369592014532639,0.6872939314657961,-4.255545959641364,2.061248819678442
remi_crowd18,B_C_gentle_compressor_minus2dB,15.0,-25.58115454638522,-27.973994151583334,-20.721884475652764,-16.77134778817728,2.8368081673835444,-6.517217098595147,2.0476224033502923
remi_crowd18,C_softedges_gentle_compressor_minus2dB,15.0,-25.875247811466743,-28.414138195315964,-20.955055050767694,-16.93562490390326,3.2769522111161753,-7.116715604124206,2.341396222153251
remi_crowd18,D_C_gentle_DFN6_minus2dB,15.0,-25.697799385557808,-28.321438075431903,-20.75143667025455,-17.15511554709707,3.1842520912321115,-6.641294036192895,2.0576374745159423
remi_crowd18,D_C_gentle_DFN18_minus2dB,15.0,-25.769977542774416,-28.433638177166532,-20.803648241173676,-17.221813212414638,3.29645219296674,-6.735358834160787,2.0574690129353344
emy_mixed_ambience18,A_current_C_no_finish,15.0,-15.864505995872943,-25.0573427392954,-10.467925638098293,-7.38946372758723,5.906089856051112,-1.4197638822201424,2.0184904505705563
emy_mixed_ambience18,B_C_gentle_compressor_minus2dB,15.0,-19.62299989274154,-27.607928093617783,-14.332303709190038,-12.156297375687988,8.456675210373499,-5.622547066369523,1.477956059021592
emy_mixed_ambience18,C_softedges_gentle_compressor_minus2dB,15.0,-19.91582300917064,-28.384889656199313,-14.51200068150903,-12.276199578036584,9.233636772955025,-5.644589464676605,1.6681345726357892
emy_mixed_ambience18,D_C_gentle_DFN6_minus2dB,15.0,-19.73321470842158,-27.86827310162326,-14.527544445037698,-12.275469222136284,8.71702021837897,-5.710226514374062,1.5568885776808288
emy_mixed_ambience18,D_C_gentle_DFN18_minus2dB,15.0,-19.803250604777155,-27.931845356757243,-14.583405946459873,-12.337298076297214,8.780592473512957,-5.7767541055882585,1.5603751058856838
