sample,variant,duration_s,lufs_i_db,rms_dbfs,sample_peak_dbfs,true_peak_4x_dbfs,crest_factor_db,speech_rms_median_dbfs,gap_rms_median_dbfs,speech_gap_contrast_db,speech_gain_to_clean_reference_db,spectrum_mae_vs_clean_equal_speech_rms_db_20_12k,20-80Hz_db,clean_delta_20-80Hz_db,80-250Hz_db,clean_delta_80-250Hz_db,250-1000Hz_db,clean_delta_250-1000Hz_db,1000-4000Hz_db,clean_delta_1000-4000Hz_db,4000-8000Hz_db,clean_delta_4000-8000Hz_db,8000-12000Hz_db,clean_delta_8000-12000Hz_db
stephanie_fan18,A-original-NFE64-C,15.0,-25.571720805866715,-25.570469751899108,-4.518111469241412,-4.5123593344193935,21.052358282657693,-27.808810703150044,-73.20620603100909,45.397395327859044,1.0143391610026713,3.3275834039532617,-53.66109584516683,-1.5791537675207294,-38.093315183661446,0.317822394486484,-43.02560321985365,-0.24175431135599723,-60.064086268229374,-0.30003043678645014,-61.4108114025567,0.6966697576981602,-67.77814888247572,-1.1066352769811516
stephanie_fan18,B-soft-edges-subbass-minus3-treble-minus2p5,15.0,-26.057583561711894,-25.966110890708805,-4.803768843748331,-4.798241389266977,21.162342046960475,-28.414084489595762,-74.49457582429916,46.080491334703396,1.6196129474483858,2.5319856459406815,-55.76225280761719,-3.68031072997109,-38.00111389160156,0.4100236865463671,-42.59935760498047,0.18449130351718424,-59.97823715209961,-0.21418132065668516,-62.46996307373047,-0.3624819134756052,-69.34138488769531,-2.669871282200745
stephanie_fan18,C-treble-minus2p5-only,15.0,-25.814884802293978,-25.686681477155812,-4.688352671076268,-4.682825368868654,20.99832880607955,-28.13186198861592,-73.59210731722268,45.460245328606774,1.3373904464685429,2.4677389481013634,-53.338165283203125,-1.2562232055570277,-37.775978088378906,0.6351594897690234,-42.73561096191406,0.048237946583590485,-60.251502990722656,-0.48744715927973203,-62.751487731933594,-0.6440065716787302,-69.6233901977539,-2.951876592259339
remi_crowd18,A-original-NFE64-C,15.0,-23.418106367665292,-23.61347930463551,-4.339360448924702,-4.255545959641364,19.274118855710807,-26.288965518484964,-83.21912744824982,56.93016192976486,0.7831322092253041,3.0501183595886587,-55.736826835240976,2.063691955011649,-38.44026330805055,0.4280340737433477,-39.96498102773717,-0.8572935502971717,-55.724904132760344,1.9817241875650353,-70.23543493083413,-3.957314613847444,-72.7522187527718,-3.9291997161002996
remi_crowd18,B-soft-edges-subbass-minus3-treble-minus2p5,15.0,-23.726098553639307,-23.916458857627507,-4.923181852355965,-4.887726265168326,18.99327700527154,-26.811900697986143,-85.7796805395293,58.967779841543155,1.3060673887264822,3.6635562455662285,-57.63452911376953,0.16598967648309326,-38.62995910644531,0.23833827534858187,-39.59910583496094,-0.4914183575209421,-55.594947814941406,2.1116805053839727,-71.4485092163086,-5.170388899321907,-74.412109375,-5.5890903383285035
remi_crowd18,C-treble-minus2p5-only,15.0,-23.517200044854533,-23.675605954842815,-4.560648802866131,-4.533781165098194,19.114957151976686,-26.359670251221946,-83.3113680408333,56.95169778961136,0.853836941962288,3.995632803159576,-55.66676330566406,2.133755484588562,-38.37361526489258,0.49468211690131625,-39.92994689941406,-0.8222594219740671,-56.03596496582031,1.6706633545050664,-71.899658203125,-5.621537886138313,-74.86380004882812,-6.0407810121566285
emy_mixed_ambience18,A-original-NFE64-C,15.0,-15.864505995872943,-16.13685024586944,-1.4252912572512138,-1.4197638822201424,14.711558988618227,-25.55855884994304,,,5.958695953266993,4.617936462137634,-39.86992726434936,-2.9223770391486212,-23.51540325147237,2.0382157041516926,-29.406838164354276,2.798496817782656,-46.81556403236547,0.8173862525338862,-53.07710704003981,-0.2542149661562334,-61.394846572703734,2.7007594263367807
emy_mixed_ambience18,B-soft-edges-subbass-minus3-treble-minus2p5,15.0,-16.224227919430984,-16.468586428160805,-1.4780206529633275,-1.4724930882701501,14.990565775197474,-26.55892991610141,,,6.959067019425361,3.846482182145758,-41.389461517333984,-4.441911292133248,-22.944778442382812,2.608840513241251,-28.58270263671875,3.6226323454181824,-46.454185485839844,1.1787647990595147,-53.7632942199707,-0.9404021460871235,-62.57122039794922,1.5243856010912964
emy_mixed_ambience18,C-treble-minus2p5-only,15.0,-15.982869704891657,-16.197187913436842,-1.4545529112718,-1.4490255751384342,14.742635002165041,-26.123466436966382,,,6.5236035402903365,3.585477400630217,-39.30526351928711,-2.3577132940863734,-22.95726776123047,2.596351194393595,-28.87224578857422,3.3330891935627136,-46.88243865966797,0.7505116252313897,-54.198020935058594,-1.375128861175014,-63.006282806396484,1.0893231926440308
