held_out,variant,mae_db_vs_adobe,envelope_corr_vs_clean,weak_p10_db_vs_clean,active_level_db_vs_clean,adobe_level_db_vs_clean,gap_dbfs,gain_applied_db,low_db,low_hz,high_db,high_hz
emy_mixed_ambience18,cap60+train-level-match,1.3406175126786355,0.9217283597385418,-23.20767011572898,-3.490948728344298,-9.75323410178563,,,,,,
emy_mixed_ambience18,cap60+LOVO-tone+train-level-match,1.1878060805605248,0.9181005322877882,-21.819512878762325,-3.079993504875371,-9.75323410178563,,-2.3594464658698744,2.0,200.0,-3.0,3500.0
emy_mixed_ambience18,cap60+fixed-global-EQ,0.9524627470145475,0.919261434275193,-19.88682712344357,-1.0634308895179716,-9.75323410178563,,,1.5,200.0,-3.0,3500.0
remi_crowd18,cap60+train-level-match,5.012422262314656,0.9879164265560596,-21.539358495165757,-5.148779000198006,-3.077949771121089,-87.72786082269542,,,,,
remi_crowd18,cap60+LOVO-tone+train-level-match,3.103684690158492,0.9879556044891692,-21.398221623748505,-4.933671615013071,-3.077949771121089,-87.71905970781988,-4.734277464124055,1.0,200.0,-3.0,3500.0
remi_crowd18,cap60+fixed-global-EQ,2.907890703249366,0.9875964930461073,-16.316108411860156,-0.02653939017095561,-3.077949771121089,-82.63207927715857,,1.5,200.0,-3.0,3500.0
stephanie_fan18,cap60+train-level-match,3.396368781354508,0.9891875030557892,-15.055832078377312,-5.8184734782301675,-1.0252670945789903,-75.52661297542925,,,,,
stephanie_fan18,cap60+LOVO-tone+train-level-match,1.7964858986246706,0.9868546652992961,-15.375491208214402,-5.55685387216691,-1.0252670945789903,-75.04566157977726,-5.626232582813361,1.0,200.0,-3.0,3500.0
stephanie_fan18,cap60+fixed-global-EQ,1.6629348729797861,0.9863386197968083,-9.425959862024065,0.2596922044323433,-1.0252670945789903,-69.003998729188,,1.5,200.0,-3.0,3500.0
